<?xml version="1.0"?>
<link_info>
   <banner>MSP430 Linker PC v16.9.3.LTS</banner>
   <copyright>Copyright (c) 2003-2017 Texas Instruments Incorporated</copyright>
   <link_time>0x59b2b4b9</link_time>
   <link_errors>0x0</link_errors>
   <output_file>Project 3 Timers and Interrupts.out</output_file>
   <entry_point>
      <name>_c_int00_noinit_noargs_noexit</name>
      <address>0xc048</address>
   </entry_point>
   <input_file_list>
      <input_file id="fl-2">
         <path>.\</path>
         <kind>object</kind>
         <file>LED.obj</file>
         <name>LED.obj</name>
      </input_file>
      <input_file id="fl-3">
         <path>.\</path>
         <kind>object</kind>
         <file>main.obj</file>
         <name>main.obj</name>
      </input_file>
      <input_file id="fl-4">
         <path>.\</path>
         <kind>object</kind>
         <file>pushbutton.obj</file>
         <name>pushbutton.obj</name>
      </input_file>
      <input_file id="fl-5">
         <path>.\</path>
         <kind>object</kind>
         <file>timerA.obj</file>
         <name>timerA.obj</name>
      </input_file>
      <input_file id="fl-a">
         <kind>object</kind>
         <file>&lt;internal&gt;</file>
         <name>&lt;internal&gt;</name>
      </input_file>
      <input_file id="fl-20">
         <path>C:\ti\ccsv7\tools\compiler\ti-cgt-msp430_16.9.3.LTS\lib\</path>
         <kind>archive</kind>
         <file>rts430_eabi.lib</file>
         <name>boot.obj</name>
      </input_file>
      <input_file id="fl-21">
         <path>C:\ti\ccsv7\tools\compiler\ti-cgt-msp430_16.9.3.LTS\lib\</path>
         <kind>archive</kind>
         <file>rts430_eabi.lib</file>
         <name>boot_special.obj</name>
      </input_file>
      <input_file id="fl-22">
         <path>C:\ti\ccsv7\tools\compiler\ti-cgt-msp430_16.9.3.LTS\lib\</path>
         <kind>archive</kind>
         <file>rts430_eabi.lib</file>
         <name>copy_decompress_lzss.obj</name>
      </input_file>
      <input_file id="fl-23">
         <path>C:\ti\ccsv7\tools\compiler\ti-cgt-msp430_16.9.3.LTS\lib\</path>
         <kind>archive</kind>
         <file>rts430_eabi.lib</file>
         <name>copy_decompress_none.obj</name>
      </input_file>
      <input_file id="fl-24">
         <path>C:\ti\ccsv7\tools\compiler\ti-cgt-msp430_16.9.3.LTS\lib\</path>
         <kind>archive</kind>
         <file>rts430_eabi.lib</file>
         <name>copy_zero_init.obj</name>
      </input_file>
      <input_file id="fl-25">
         <path>C:\ti\ccsv7\tools\compiler\ti-cgt-msp430_16.9.3.LTS\lib\</path>
         <kind>archive</kind>
         <file>rts430_eabi.lib</file>
         <name>epilog.obj</name>
      </input_file>
      <input_file id="fl-26">
         <path>C:\ti\ccsv7\tools\compiler\ti-cgt-msp430_16.9.3.LTS\lib\</path>
         <kind>archive</kind>
         <file>rts430_eabi.lib</file>
         <name>exit.obj</name>
      </input_file>
      <input_file id="fl-27">
         <path>C:\ti\ccsv7\tools\compiler\ti-cgt-msp430_16.9.3.LTS\lib\</path>
         <kind>archive</kind>
         <file>rts430_eabi.lib</file>
         <name>exit_gvars.obj</name>
      </input_file>
      <input_file id="fl-28">
         <path>C:\ti\ccsv7\tools\compiler\ti-cgt-msp430_16.9.3.LTS\lib\</path>
         <kind>archive</kind>
         <file>rts430_eabi.lib</file>
         <name>int00.obj</name>
      </input_file>
      <input_file id="fl-29">
         <path>C:\ti\ccsv7\tools\compiler\ti-cgt-msp430_16.9.3.LTS\lib\</path>
         <kind>archive</kind>
         <file>rts430_eabi.lib</file>
         <name>int03.obj</name>
      </input_file>
      <input_file id="fl-2a">
         <path>C:\ti\ccsv7\tools\compiler\ti-cgt-msp430_16.9.3.LTS\lib\</path>
         <kind>archive</kind>
         <file>rts430_eabi.lib</file>
         <name>int05.obj</name>
      </input_file>
      <input_file id="fl-2b">
         <path>C:\ti\ccsv7\tools\compiler\ti-cgt-msp430_16.9.3.LTS\lib\</path>
         <kind>archive</kind>
         <file>rts430_eabi.lib</file>
         <name>int06.obj</name>
      </input_file>
      <input_file id="fl-2c">
         <path>C:\ti\ccsv7\tools\compiler\ti-cgt-msp430_16.9.3.LTS\lib\</path>
         <kind>archive</kind>
         <file>rts430_eabi.lib</file>
         <name>int07.obj</name>
      </input_file>
      <input_file id="fl-2d">
         <path>C:\ti\ccsv7\tools\compiler\ti-cgt-msp430_16.9.3.LTS\lib\</path>
         <kind>archive</kind>
         <file>rts430_eabi.lib</file>
         <name>int08.obj</name>
      </input_file>
      <input_file id="fl-2e">
         <path>C:\ti\ccsv7\tools\compiler\ti-cgt-msp430_16.9.3.LTS\lib\</path>
         <kind>archive</kind>
         <file>rts430_eabi.lib</file>
         <name>int10.obj</name>
      </input_file>
      <input_file id="fl-2f">
         <path>C:\ti\ccsv7\tools\compiler\ti-cgt-msp430_16.9.3.LTS\lib\</path>
         <kind>archive</kind>
         <file>rts430_eabi.lib</file>
         <name>int11.obj</name>
      </input_file>
      <input_file id="fl-30">
         <path>C:\ti\ccsv7\tools\compiler\ti-cgt-msp430_16.9.3.LTS\lib\</path>
         <kind>archive</kind>
         <file>rts430_eabi.lib</file>
         <name>int12.obj</name>
      </input_file>
      <input_file id="fl-31">
         <path>C:\ti\ccsv7\tools\compiler\ti-cgt-msp430_16.9.3.LTS\lib\</path>
         <kind>archive</kind>
         <file>rts430_eabi.lib</file>
         <name>int13.obj</name>
      </input_file>
      <input_file id="fl-32">
         <path>C:\ti\ccsv7\tools\compiler\ti-cgt-msp430_16.9.3.LTS\lib\</path>
         <kind>archive</kind>
         <file>rts430_eabi.lib</file>
         <name>int14.obj</name>
      </input_file>
      <input_file id="fl-33">
         <path>C:\ti\ccsv7\tools\compiler\ti-cgt-msp430_16.9.3.LTS\lib\</path>
         <kind>archive</kind>
         <file>rts430_eabi.lib</file>
         <name>isr_trap.obj</name>
      </input_file>
      <input_file id="fl-34">
         <path>C:\ti\ccsv7\tools\compiler\ti-cgt-msp430_16.9.3.LTS\lib\</path>
         <kind>archive</kind>
         <file>rts430_eabi.lib</file>
         <name>lsl16.obj</name>
      </input_file>
      <input_file id="fl-35">
         <path>C:\ti\ccsv7\tools\compiler\ti-cgt-msp430_16.9.3.LTS\lib\</path>
         <kind>archive</kind>
         <file>rts430_eabi.lib</file>
         <name>lsr16.obj</name>
      </input_file>
      <input_file id="fl-36">
         <path>C:\ti\ccsv7\tools\compiler\ti-cgt-msp430_16.9.3.LTS\lib\</path>
         <kind>archive</kind>
         <file>rts430_eabi.lib</file>
         <name>memcpy.obj</name>
      </input_file>
      <input_file id="fl-37">
         <path>C:\ti\ccsv7\tools\compiler\ti-cgt-msp430_16.9.3.LTS\lib\</path>
         <kind>archive</kind>
         <file>rts430_eabi.lib</file>
         <name>mpu_init.obj</name>
      </input_file>
      <input_file id="fl-38">
         <path>C:\ti\ccsv7\tools\compiler\ti-cgt-msp430_16.9.3.LTS\lib\</path>
         <kind>archive</kind>
         <file>rts430_eabi.lib</file>
         <name>pre_init.obj</name>
      </input_file>
      <input_file id="fl-39">
         <path>C:\ti\ccsv7\tools\compiler\ti-cgt-msp430_16.9.3.LTS\lib\</path>
         <kind>archive</kind>
         <file>rts430_eabi.lib</file>
         <name>_lock.obj</name>
      </input_file>
      <input_file id="fl-3a">
         <path>C:\ti\ccsv7\tools\compiler\ti-cgt-msp430_16.9.3.LTS\lib\</path>
         <kind>archive</kind>
         <file>rts430_eabi.lib</file>
         <name>args_main.obj</name>
      </input_file>
      <input_file id="fl-3b">
         <path>C:\ti\ccsv7\tools\compiler\ti-cgt-msp430_16.9.3.LTS\lib\</path>
         <kind>archive</kind>
         <file>rts430_eabi.lib</file>
         <name>autoinit.obj</name>
      </input_file>
      <input_file id="fl-3c">
         <path>C:\ti\ccsv7\tools\compiler\ti-cgt-msp430_16.9.3.LTS\lib\</path>
         <kind>archive</kind>
         <file>rts430_eabi.lib</file>
         <name>cpy_tbl.obj</name>
      </input_file>
      <input_file id="fl-3d">
         <path>C:\ti\ccsv7\tools\compiler\ti-cgt-msp430_16.9.3.LTS\lib\</path>
         <kind>archive</kind>
         <file>rts430_eabi.lib</file>
         <name>mult16.obj</name>
      </input_file>
      <input_file id="fl-3e">
         <path>C:\ti\ccsv7\tools\compiler\ti-cgt-msp430_16.9.3.LTS\lib\</path>
         <kind>archive</kind>
         <file>rts430_eabi.lib</file>
         <name>startup.obj</name>
      </input_file>
   </input_file_list>
   <object_component_list>
      <object_component id="oc-f1">
         <name>.stack</name>
         <uninitialized>true</uninitialized>
         <run_address>0x3b0</run_address>
         <size>0x2</size>
         <input_file_ref idref="fl-20"/>
      </object_component>
      <object_component id="oc-23f">
         <name>.stack</name>
         <uninitialized>true</uninitialized>
         <run_address>0x3b0</run_address>
         <size>0x0</size>
      </object_component>
      <object_component id="oc-154">
         <name>.text:main</name>
         <load_address>0xc000</load_address>
         <run_address>0xc000</run_address>
         <size>0x1a</size>
         <input_file_ref idref="fl-3"/>
      </object_component>
      <object_component id="oc-1bb">
         <name>.text:ConfigureTimerA</name>
         <load_address>0xc01a</load_address>
         <run_address>0xc01a</run_address>
         <size>0x18</size>
         <input_file_ref idref="fl-5"/>
      </object_component>
      <object_component id="oc-1af">
         <name>.text:InitializeLEDPortPins</name>
         <load_address>0xc032</load_address>
         <run_address>0xc032</run_address>
         <size>0x16</size>
         <input_file_ref idref="fl-2"/>
      </object_component>
      <object_component id="oc-83">
         <name>.text:_c_int00_noinit_noargs_noexit</name>
         <load_address>0xc048</load_address>
         <run_address>0xc048</run_address>
         <size>0x12</size>
         <input_file_ref idref="fl-21"/>
      </object_component>
      <object_component id="oc-1a9">
         <name>.text:ConfigureClockModule</name>
         <load_address>0xc05a</load_address>
         <run_address>0xc05a</run_address>
         <size>0xe</size>
         <input_file_ref idref="fl-3"/>
      </object_component>
      <object_component id="oc-11c">
         <name>.text:_isr:__TI_ISR_TRAP</name>
         <load_address>0xc068</load_address>
         <run_address>0xc068</run_address>
         <size>0x8</size>
         <input_file_ref idref="fl-33"/>
      </object_component>
      <object_component id="oc-127">
         <name>.text:TimerA0_routine</name>
         <load_address>0xc070</load_address>
         <run_address>0xc070</run_address>
         <size>0x6</size>
         <input_file_ref idref="fl-5"/>
      </object_component>
      <object_component id="oc-15c">
         <name>.text:abort</name>
         <load_address>0xc076</load_address>
         <run_address>0xc076</run_address>
         <size>0x6</size>
         <input_file_ref idref="fl-26"/>
      </object_component>
      <object_component id="oc-134">
         <name>.text:_system_pre_init</name>
         <load_address>0xc07c</load_address>
         <run_address>0xc07c</run_address>
         <size>0x4</size>
         <input_file_ref idref="fl-38"/>
      </object_component>
      <object_component id="oc-121">
         <name>.text:Button_routine</name>
         <load_address>0xc080</load_address>
         <run_address>0xc080</run_address>
         <size>0x2</size>
         <input_file_ref idref="fl-4"/>
      </object_component>
      <object_component id="oc-1b5">
         <name>.text:InitializePushButtonPortPin</name>
         <load_address>0xc082</load_address>
         <run_address>0xc082</run_address>
         <size>0x2</size>
         <input_file_ref idref="fl-4"/>
      </object_component>
      <object_component id="oc-208">
         <name>.binit</name>
         <load_address>0xc000</load_address>
         <run_address>0xc000</run_address>
         <size>0x0</size>
      </object_component>
      <object_component id="oc-40">
         <name>.int00</name>
         <load_address>0xffe0</load_address>
         <run_address>0xffe0</run_address>
         <size>0x2</size>
         <input_file_ref idref="fl-28"/>
      </object_component>
      <object_component id="oc-41">
         <name>.int02</name>
         <load_address>0xffe4</load_address>
         <run_address>0xffe4</run_address>
         <size>0x2</size>
         <input_file_ref idref="fl-4"/>
      </object_component>
      <object_component id="oc-42">
         <name>.int03</name>
         <load_address>0xffe6</load_address>
         <run_address>0xffe6</run_address>
         <size>0x2</size>
         <input_file_ref idref="fl-29"/>
      </object_component>
      <object_component id="oc-43">
         <name>.int05</name>
         <load_address>0xffea</load_address>
         <run_address>0xffea</run_address>
         <size>0x2</size>
         <input_file_ref idref="fl-2a"/>
      </object_component>
      <object_component id="oc-44">
         <name>.int06</name>
         <load_address>0xffec</load_address>
         <run_address>0xffec</run_address>
         <size>0x2</size>
         <input_file_ref idref="fl-2b"/>
      </object_component>
      <object_component id="oc-45">
         <name>.int07</name>
         <load_address>0xffee</load_address>
         <run_address>0xffee</run_address>
         <size>0x2</size>
         <input_file_ref idref="fl-2c"/>
      </object_component>
      <object_component id="oc-46">
         <name>.int08</name>
         <load_address>0xfff0</load_address>
         <run_address>0xfff0</run_address>
         <size>0x2</size>
         <input_file_ref idref="fl-2d"/>
      </object_component>
      <object_component id="oc-47">
         <name>.int09</name>
         <load_address>0xfff2</load_address>
         <run_address>0xfff2</run_address>
         <size>0x2</size>
         <input_file_ref idref="fl-5"/>
      </object_component>
      <object_component id="oc-48">
         <name>.int10</name>
         <load_address>0xfff4</load_address>
         <run_address>0xfff4</run_address>
         <size>0x2</size>
         <input_file_ref idref="fl-2e"/>
      </object_component>
      <object_component id="oc-49">
         <name>.int11</name>
         <load_address>0xfff6</load_address>
         <run_address>0xfff6</run_address>
         <size>0x2</size>
         <input_file_ref idref="fl-2f"/>
      </object_component>
      <object_component id="oc-4a">
         <name>.int12</name>
         <load_address>0xfff8</load_address>
         <run_address>0xfff8</run_address>
         <size>0x2</size>
         <input_file_ref idref="fl-30"/>
      </object_component>
      <object_component id="oc-4b">
         <name>.int13</name>
         <load_address>0xfffa</load_address>
         <run_address>0xfffa</run_address>
         <size>0x2</size>
         <input_file_ref idref="fl-31"/>
      </object_component>
      <object_component id="oc-4c">
         <name>.int14</name>
         <load_address>0xfffc</load_address>
         <run_address>0xfffc</run_address>
         <size>0x2</size>
         <input_file_ref idref="fl-32"/>
      </object_component>
      <object_component id="oc-f4">
         <name>.reset</name>
         <load_address>0xfffe</load_address>
         <run_address>0xfffe</run_address>
         <size>0x2</size>
         <input_file_ref idref="fl-20"/>
      </object_component>
      <object_component id="oc-1b0">
         <name>.debug_info</name>
         <load_address>0x0</load_address>
         <run_address>0x0</run_address>
         <size>0x11b</size>
         <input_file_ref idref="fl-2"/>
      </object_component>
      <object_component id="oc-10a">
         <name>.debug_info</name>
         <load_address>0x11b</load_address>
         <run_address>0x11b</run_address>
         <size>0x84</size>
         <input_file_ref idref="fl-2"/>
      </object_component>
      <object_component id="oc-158">
         <name>.debug_info</name>
         <load_address>0x19f</load_address>
         <run_address>0x19f</run_address>
         <size>0x165</size>
         <input_file_ref idref="fl-3"/>
      </object_component>
      <object_component id="oc-1ad">
         <name>.debug_info</name>
         <load_address>0x304</load_address>
         <run_address>0x304</run_address>
         <size>0x11c</size>
         <input_file_ref idref="fl-3"/>
      </object_component>
      <object_component id="oc-1b7">
         <name>.debug_info</name>
         <load_address>0x420</load_address>
         <run_address>0x420</run_address>
         <size>0x13c</size>
         <input_file_ref idref="fl-4"/>
      </object_component>
      <object_component id="oc-125">
         <name>.debug_info</name>
         <load_address>0x55c</load_address>
         <run_address>0x55c</run_address>
         <size>0x123</size>
         <input_file_ref idref="fl-4"/>
      </object_component>
      <object_component id="oc-1bf">
         <name>.debug_info</name>
         <load_address>0x67f</load_address>
         <run_address>0x67f</run_address>
         <size>0x118</size>
         <input_file_ref idref="fl-5"/>
      </object_component>
      <object_component id="oc-12a">
         <name>.debug_info</name>
         <load_address>0x797</load_address>
         <run_address>0x797</run_address>
         <size>0x119</size>
         <input_file_ref idref="fl-5"/>
      </object_component>
      <object_component id="oc-f2">
         <name>.debug_info</name>
         <load_address>0x8b0</load_address>
         <run_address>0x8b0</run_address>
         <size>0xf5</size>
         <input_file_ref idref="fl-20"/>
      </object_component>
      <object_component id="oc-85">
         <name>.debug_info</name>
         <load_address>0x9a5</load_address>
         <run_address>0x9a5</run_address>
         <size>0x193</size>
         <input_file_ref idref="fl-21"/>
      </object_component>
      <object_component id="oc-15e">
         <name>.debug_info</name>
         <load_address>0xb38</load_address>
         <run_address>0xb38</run_address>
         <size>0x117</size>
         <input_file_ref idref="fl-26"/>
      </object_component>
      <object_component id="oc-11d">
         <name>.debug_info</name>
         <load_address>0xc4f</load_address>
         <run_address>0xc4f</run_address>
         <size>0x107</size>
         <input_file_ref idref="fl-33"/>
      </object_component>
      <object_component id="oc-135">
         <name>.debug_info</name>
         <load_address>0xd56</load_address>
         <run_address>0xd56</run_address>
         <size>0x148</size>
         <input_file_ref idref="fl-38"/>
      </object_component>
      <object_component id="oc-240">
         <name>.debug_info</name>
         <load_address>0xe9e</load_address>
         <run_address>0xe9e</run_address>
         <size>0xac</size>
      </object_component>
      <object_component id="oc-1b3">
         <name>.debug_line</name>
         <load_address>0x0</load_address>
         <run_address>0x0</run_address>
         <size>0x42</size>
         <input_file_ref idref="fl-2"/>
      </object_component>
      <object_component id="oc-10d">
         <name>.debug_line</name>
         <load_address>0x42</load_address>
         <run_address>0x42</run_address>
         <size>0x20</size>
         <input_file_ref idref="fl-2"/>
      </object_component>
      <object_component id="oc-156">
         <name>.debug_line</name>
         <load_address>0x62</load_address>
         <run_address>0x62</run_address>
         <size>0x45</size>
         <input_file_ref idref="fl-3"/>
      </object_component>
      <object_component id="oc-1ac">
         <name>.debug_line</name>
         <load_address>0xa7</load_address>
         <run_address>0xa7</run_address>
         <size>0x41</size>
         <input_file_ref idref="fl-3"/>
      </object_component>
      <object_component id="oc-1ba">
         <name>.debug_line</name>
         <load_address>0xe8</load_address>
         <run_address>0xe8</run_address>
         <size>0x41</size>
         <input_file_ref idref="fl-4"/>
      </object_component>
      <object_component id="oc-123">
         <name>.debug_line</name>
         <load_address>0x129</load_address>
         <run_address>0x129</run_address>
         <size>0x41</size>
         <input_file_ref idref="fl-4"/>
      </object_component>
      <object_component id="oc-1be">
         <name>.debug_line</name>
         <load_address>0x16a</load_address>
         <run_address>0x16a</run_address>
         <size>0x45</size>
         <input_file_ref idref="fl-5"/>
      </object_component>
      <object_component id="oc-12c">
         <name>.debug_line</name>
         <load_address>0x1af</load_address>
         <run_address>0x1af</run_address>
         <size>0x42</size>
         <input_file_ref idref="fl-5"/>
      </object_component>
      <object_component id="oc-169">
         <name>.debug_line</name>
         <load_address>0x1f1</load_address>
         <run_address>0x1f1</run_address>
         <size>0x2a</size>
         <input_file_ref idref="fl-20"/>
      </object_component>
      <object_component id="oc-84">
         <name>.debug_line</name>
         <load_address>0x21b</load_address>
         <run_address>0x21b</run_address>
         <size>0x47</size>
         <input_file_ref idref="fl-21"/>
      </object_component>
      <object_component id="oc-160">
         <name>.debug_line</name>
         <load_address>0x262</load_address>
         <run_address>0x262</run_address>
         <size>0x3d</size>
         <input_file_ref idref="fl-26"/>
      </object_component>
      <object_component id="oc-120">
         <name>.debug_line</name>
         <load_address>0x29f</load_address>
         <run_address>0x29f</run_address>
         <size>0x3d</size>
         <input_file_ref idref="fl-33"/>
      </object_component>
      <object_component id="oc-139">
         <name>.debug_line</name>
         <load_address>0x2dc</load_address>
         <run_address>0x2dc</run_address>
         <size>0x3e</size>
         <input_file_ref idref="fl-38"/>
      </object_component>
      <object_component id="oc-1b4">
         <name>.debug_frame</name>
         <load_address>0x0</load_address>
         <run_address>0x0</run_address>
         <size>0x39</size>
         <input_file_ref idref="fl-2"/>
      </object_component>
      <object_component id="oc-157">
         <name>.debug_frame</name>
         <load_address>0x39</load_address>
         <run_address>0x39</run_address>
         <size>0x39</size>
         <input_file_ref idref="fl-3"/>
      </object_component>
      <object_component id="oc-1ab">
         <name>.debug_frame</name>
         <load_address>0x72</load_address>
         <run_address>0x72</run_address>
         <size>0x39</size>
         <input_file_ref idref="fl-3"/>
      </object_component>
      <object_component id="oc-1b6">
         <name>.debug_frame</name>
         <load_address>0xab</load_address>
         <run_address>0xab</run_address>
         <size>0x39</size>
         <input_file_ref idref="fl-4"/>
      </object_component>
      <object_component id="oc-122">
         <name>.debug_frame</name>
         <load_address>0xe4</load_address>
         <run_address>0xe4</run_address>
         <size>0x39</size>
         <input_file_ref idref="fl-4"/>
      </object_component>
      <object_component id="oc-1bd">
         <name>.debug_frame</name>
         <load_address>0x11d</load_address>
         <run_address>0x11d</run_address>
         <size>0x39</size>
         <input_file_ref idref="fl-5"/>
      </object_component>
      <object_component id="oc-129">
         <name>.debug_frame</name>
         <load_address>0x156</load_address>
         <run_address>0x156</run_address>
         <size>0x39</size>
         <input_file_ref idref="fl-5"/>
      </object_component>
      <object_component id="oc-88">
         <name>.debug_frame</name>
         <load_address>0x18f</load_address>
         <run_address>0x18f</run_address>
         <size>0x34</size>
         <input_file_ref idref="fl-21"/>
      </object_component>
      <object_component id="oc-161">
         <name>.debug_frame</name>
         <load_address>0x1c3</load_address>
         <run_address>0x1c3</run_address>
         <size>0x39</size>
         <input_file_ref idref="fl-26"/>
      </object_component>
      <object_component id="oc-138">
         <name>.debug_frame</name>
         <load_address>0x1fc</load_address>
         <run_address>0x1fc</run_address>
         <size>0x39</size>
         <input_file_ref idref="fl-38"/>
      </object_component>
      <object_component id="oc-1f7">
         <name>.debug_abbrev</name>
         <load_address>0x0</load_address>
         <run_address>0x0</run_address>
         <size>0x50</size>
         <input_file_ref idref="fl-2"/>
      </object_component>
      <object_component id="oc-10c">
         <name>.debug_abbrev</name>
         <load_address>0x50</load_address>
         <run_address>0x50</run_address>
         <size>0x1f</size>
         <input_file_ref idref="fl-2"/>
      </object_component>
      <object_component id="oc-1c1">
         <name>.debug_abbrev</name>
         <load_address>0x6f</load_address>
         <run_address>0x6f</run_address>
         <size>0x52</size>
         <input_file_ref idref="fl-3"/>
      </object_component>
      <object_component id="oc-1f6">
         <name>.debug_abbrev</name>
         <load_address>0xc1</load_address>
         <run_address>0xc1</run_address>
         <size>0x50</size>
         <input_file_ref idref="fl-3"/>
      </object_component>
      <object_component id="oc-1f8">
         <name>.debug_abbrev</name>
         <load_address>0x111</load_address>
         <run_address>0x111</run_address>
         <size>0x50</size>
         <input_file_ref idref="fl-4"/>
      </object_component>
      <object_component id="oc-182">
         <name>.debug_abbrev</name>
         <load_address>0x161</load_address>
         <run_address>0x161</run_address>
         <size>0x53</size>
         <input_file_ref idref="fl-4"/>
      </object_component>
      <object_component id="oc-1f9">
         <name>.debug_abbrev</name>
         <load_address>0x1b4</load_address>
         <run_address>0x1b4</run_address>
         <size>0x50</size>
         <input_file_ref idref="fl-5"/>
      </object_component>
      <object_component id="oc-183">
         <name>.debug_abbrev</name>
         <load_address>0x204</load_address>
         <run_address>0x204</run_address>
         <size>0x53</size>
         <input_file_ref idref="fl-5"/>
      </object_component>
      <object_component id="oc-168">
         <name>.debug_abbrev</name>
         <load_address>0x257</load_address>
         <run_address>0x257</run_address>
         <size>0x29</size>
         <input_file_ref idref="fl-20"/>
      </object_component>
      <object_component id="oc-166">
         <name>.debug_abbrev</name>
         <load_address>0x280</load_address>
         <run_address>0x280</run_address>
         <size>0x58</size>
         <input_file_ref idref="fl-21"/>
      </object_component>
      <object_component id="oc-1c2">
         <name>.debug_abbrev</name>
         <load_address>0x2d8</load_address>
         <run_address>0x2d8</run_address>
         <size>0x45</size>
         <input_file_ref idref="fl-26"/>
      </object_component>
      <object_component id="oc-181">
         <name>.debug_abbrev</name>
         <load_address>0x31d</load_address>
         <run_address>0x31d</run_address>
         <size>0x28</size>
         <input_file_ref idref="fl-33"/>
      </object_component>
      <object_component id="oc-186">
         <name>.debug_abbrev</name>
         <load_address>0x345</load_address>
         <run_address>0x345</run_address>
         <size>0x55</size>
         <input_file_ref idref="fl-38"/>
      </object_component>
      <object_component id="oc-241">
         <name>.debug_abbrev</name>
         <load_address>0x39a</load_address>
         <run_address>0x39a</run_address>
         <size>0xf</size>
      </object_component>
      <object_component id="oc-10e">
         <name>.debug_str</name>
         <load_address>0x0</load_address>
         <run_address>0x0</run_address>
         <size>0xfa</size>
         <input_file_ref idref="fl-2"/>
      </object_component>
      <object_component id="oc-1b1">
         <name>.debug_aranges</name>
         <load_address>0x0</load_address>
         <run_address>0x0</run_address>
         <size>0x20</size>
         <input_file_ref idref="fl-2"/>
      </object_component>
      <object_component id="oc-155">
         <name>.debug_aranges</name>
         <load_address>0x20</load_address>
         <run_address>0x20</run_address>
         <size>0x20</size>
         <input_file_ref idref="fl-3"/>
      </object_component>
      <object_component id="oc-1aa">
         <name>.debug_aranges</name>
         <load_address>0x40</load_address>
         <run_address>0x40</run_address>
         <size>0x20</size>
         <input_file_ref idref="fl-3"/>
      </object_component>
      <object_component id="oc-1b9">
         <name>.debug_aranges</name>
         <load_address>0x60</load_address>
         <run_address>0x60</run_address>
         <size>0x20</size>
         <input_file_ref idref="fl-4"/>
      </object_component>
      <object_component id="oc-124">
         <name>.debug_aranges</name>
         <load_address>0x80</load_address>
         <run_address>0x80</run_address>
         <size>0x20</size>
         <input_file_ref idref="fl-4"/>
      </object_component>
      <object_component id="oc-1bc">
         <name>.debug_aranges</name>
         <load_address>0xa0</load_address>
         <run_address>0xa0</run_address>
         <size>0x20</size>
         <input_file_ref idref="fl-5"/>
      </object_component>
      <object_component id="oc-128">
         <name>.debug_aranges</name>
         <load_address>0xc0</load_address>
         <run_address>0xc0</run_address>
         <size>0x20</size>
         <input_file_ref idref="fl-5"/>
      </object_component>
      <object_component id="oc-87">
         <name>.debug_aranges</name>
         <load_address>0xe0</load_address>
         <run_address>0xe0</run_address>
         <size>0x20</size>
         <input_file_ref idref="fl-21"/>
      </object_component>
      <object_component id="oc-15d">
         <name>.debug_aranges</name>
         <load_address>0x100</load_address>
         <run_address>0x100</run_address>
         <size>0x20</size>
         <input_file_ref idref="fl-26"/>
      </object_component>
      <object_component id="oc-11e">
         <name>.debug_aranges</name>
         <load_address>0x120</load_address>
         <run_address>0x120</run_address>
         <size>0x20</size>
         <input_file_ref idref="fl-33"/>
      </object_component>
      <object_component id="oc-137">
         <name>.debug_aranges</name>
         <load_address>0x140</load_address>
         <run_address>0x140</run_address>
         <size>0x20</size>
         <input_file_ref idref="fl-38"/>
      </object_component>
      <object_component id="oc-1b2">
         <name>.debug_pubnames</name>
         <load_address>0x0</load_address>
         <run_address>0x0</run_address>
         <size>0x2c</size>
         <input_file_ref idref="fl-2"/>
      </object_component>
      <object_component id="oc-159">
         <name>.debug_pubnames</name>
         <load_address>0x2c</load_address>
         <run_address>0x2c</run_address>
         <size>0x1b</size>
         <input_file_ref idref="fl-3"/>
      </object_component>
      <object_component id="oc-1ae">
         <name>.debug_pubnames</name>
         <load_address>0x47</load_address>
         <run_address>0x47</run_address>
         <size>0x2b</size>
         <input_file_ref idref="fl-3"/>
      </object_component>
      <object_component id="oc-1b8">
         <name>.debug_pubnames</name>
         <load_address>0x72</load_address>
         <run_address>0x72</run_address>
         <size>0x32</size>
         <input_file_ref idref="fl-4"/>
      </object_component>
      <object_component id="oc-126">
         <name>.debug_pubnames</name>
         <load_address>0xa4</load_address>
         <run_address>0xa4</run_address>
         <size>0x25</size>
         <input_file_ref idref="fl-4"/>
      </object_component>
      <object_component id="oc-1c0">
         <name>.debug_pubnames</name>
         <load_address>0xc9</load_address>
         <run_address>0xc9</run_address>
         <size>0x26</size>
         <input_file_ref idref="fl-5"/>
      </object_component>
      <object_component id="oc-12b">
         <name>.debug_pubnames</name>
         <load_address>0xef</load_address>
         <run_address>0xef</run_address>
         <size>0x26</size>
         <input_file_ref idref="fl-5"/>
      </object_component>
      <object_component id="oc-f3">
         <name>.debug_pubnames</name>
         <load_address>0x115</load_address>
         <run_address>0x115</run_address>
         <size>0x1d</size>
         <input_file_ref idref="fl-20"/>
      </object_component>
      <object_component id="oc-86">
         <name>.debug_pubnames</name>
         <load_address>0x132</load_address>
         <run_address>0x132</run_address>
         <size>0x34</size>
         <input_file_ref idref="fl-21"/>
      </object_component>
      <object_component id="oc-15f">
         <name>.debug_pubnames</name>
         <load_address>0x166</load_address>
         <run_address>0x166</run_address>
         <size>0x1c</size>
         <input_file_ref idref="fl-26"/>
      </object_component>
      <object_component id="oc-11f">
         <name>.debug_pubnames</name>
         <load_address>0x182</load_address>
         <run_address>0x182</run_address>
         <size>0x2b</size>
         <input_file_ref idref="fl-33"/>
      </object_component>
      <object_component id="oc-136">
         <name>.debug_pubnames</name>
         <load_address>0x1ad</load_address>
         <run_address>0x1ad</run_address>
         <size>0x27</size>
         <input_file_ref idref="fl-38"/>
      </object_component>
      <object_component id="oc-10b">
         <name>.debug_pubtypes</name>
         <load_address>0x0</load_address>
         <run_address>0x0</run_address>
         <size>0xed</size>
         <input_file_ref idref="fl-2"/>
      </object_component>
   </object_component_list>
   <logical_group_list>
      <logical_group id="lg-2" display="no" color="cyan">
         <name>.bss</name>
         <run_address>0x0</run_address>
         <size>0x0</size>
         <contents>
         </contents>
      </logical_group>
      <logical_group id="lg-3" display="no" color="cyan">
         <name>.data</name>
         <run_address>0x0</run_address>
         <size>0x0</size>
         <contents>
         </contents>
      </logical_group>
      <logical_group id="lg-4" display="no" color="cyan">
         <name>.TI.noinit</name>
         <run_address>0x0</run_address>
         <size>0x0</size>
         <contents>
         </contents>
      </logical_group>
      <logical_group id="lg-5" display="no" color="cyan">
         <name>.sysmem</name>
         <run_address>0x0</run_address>
         <size>0x0</size>
         <contents>
         </contents>
      </logical_group>
      <logical_group id="lg-6" display="no" color="cyan">
         <name>.stack</name>
         <run_address>0x3b0</run_address>
         <size>0x50</size>
         <contents>
            <object_component_ref idref="oc-f1"/>
            <object_component_ref idref="oc-23f"/>
         </contents>
      </logical_group>
      <logical_group id="lg-7" display="no" color="cyan">
         <name>.text</name>
         <load_address>0xc000</load_address>
         <run_address>0xc000</run_address>
         <size>0x84</size>
         <contents>
            <object_component_ref idref="oc-154"/>
            <object_component_ref idref="oc-1bb"/>
            <object_component_ref idref="oc-1af"/>
            <object_component_ref idref="oc-83"/>
            <object_component_ref idref="oc-1a9"/>
            <object_component_ref idref="oc-11c"/>
            <object_component_ref idref="oc-127"/>
            <object_component_ref idref="oc-15c"/>
            <object_component_ref idref="oc-134"/>
            <object_component_ref idref="oc-121"/>
            <object_component_ref idref="oc-1b5"/>
         </contents>
      </logical_group>
      <logical_group id="lg-8" display="no" color="cyan">
         <name>.cinit</name>
         <run_address>0x0</run_address>
         <size>0x0</size>
         <contents>
         </contents>
      </logical_group>
      <logical_group id="lg-9" display="no" color="cyan">
         <name>.const</name>
         <run_address>0x0</run_address>
         <size>0x0</size>
         <contents>
         </contents>
      </logical_group>
      <logical_group id="lg-a" display="no" color="cyan">
         <name>.bslsignature</name>
         <run_address>0x0</run_address>
         <size>0x0</size>
         <contents>
         </contents>
      </logical_group>
      <logical_group id="lg-b" display="no" color="cyan">
         <name>.cio</name>
         <run_address>0x0</run_address>
         <size>0x0</size>
         <contents>
         </contents>
      </logical_group>
      <logical_group id="lg-c" display="no" color="cyan">
         <name>.pinit</name>
         <run_address>0x0</run_address>
         <size>0x0</size>
         <contents>
         </contents>
      </logical_group>
      <logical_group id="lg-d" display="no" color="cyan">
         <name>.binit</name>
         <load_address>0xc000</load_address>
         <run_address>0xc000</run_address>
         <size>0x0</size>
         <contents>
            <object_component_ref idref="oc-208"/>
         </contents>
      </logical_group>
      <logical_group id="lg-e" display="no" color="cyan">
         <name>.init_array</name>
         <run_address>0x0</run_address>
         <size>0x0</size>
         <contents>
         </contents>
      </logical_group>
      <logical_group id="lg-f" display="no" color="cyan">
         <name>.mspabi.exidx</name>
         <run_address>0x0</run_address>
         <size>0x0</size>
         <contents>
         </contents>
      </logical_group>
      <logical_group id="lg-10" display="no" color="cyan">
         <name>.mspabi.extab</name>
         <run_address>0x0</run_address>
         <size>0x0</size>
         <contents>
         </contents>
      </logical_group>
      <logical_group id="lg-11" display="no" color="cyan">
         <name>.TI.ramfunc</name>
         <run_address>0x0</run_address>
         <size>0x0</size>
         <contents>
         </contents>
      </logical_group>
      <logical_group id="lg-12" display="no" color="cyan">
         <name>.infoA</name>
         <run_address>0x0</run_address>
         <size>0x0</size>
         <contents>
         </contents>
      </logical_group>
      <logical_group id="lg-13" display="no" color="cyan">
         <name>.infoB</name>
         <run_address>0x0</run_address>
         <size>0x0</size>
         <contents>
         </contents>
      </logical_group>
      <logical_group id="lg-14" display="no" color="cyan">
         <name>.infoC</name>
         <run_address>0x0</run_address>
         <size>0x0</size>
         <contents>
         </contents>
      </logical_group>
      <logical_group id="lg-15" display="no" color="cyan">
         <name>.infoD</name>
         <run_address>0x0</run_address>
         <size>0x0</size>
         <contents>
         </contents>
      </logical_group>
      <logical_group id="lg-16" display="no" color="cyan">
         <name>TRAPINT</name>
         <load_address>0xffe0</load_address>
         <run_address>0xffe0</run_address>
         <size>0x2</size>
         <contents>
            <object_component_ref idref="oc-40"/>
         </contents>
      </logical_group>
      <logical_group id="lg-18" display="no" color="cyan">
         <name>.int01</name>
         <run_address>0x0</run_address>
         <size>0x0</size>
         <contents>
         </contents>
      </logical_group>
      <logical_group id="lg-19" display="no" color="cyan">
         <name>PORT1</name>
         <load_address>0xffe4</load_address>
         <run_address>0xffe4</run_address>
         <size>0x2</size>
         <contents>
            <object_component_ref idref="oc-41"/>
         </contents>
      </logical_group>
      <logical_group id="lg-1b" display="no" color="cyan">
         <name>PORT2</name>
         <load_address>0xffe6</load_address>
         <run_address>0xffe6</run_address>
         <size>0x2</size>
         <contents>
            <object_component_ref idref="oc-42"/>
         </contents>
      </logical_group>
      <logical_group id="lg-1d" display="no" color="cyan">
         <name>.int04</name>
         <run_address>0x0</run_address>
         <size>0x0</size>
         <contents>
         </contents>
      </logical_group>
      <logical_group id="lg-1e" display="no" color="cyan">
         <name>ADC10</name>
         <load_address>0xffea</load_address>
         <run_address>0xffea</run_address>
         <size>0x2</size>
         <contents>
            <object_component_ref idref="oc-43"/>
         </contents>
      </logical_group>
      <logical_group id="lg-20" display="no" color="cyan">
         <name>USCIAB0TX</name>
         <load_address>0xffec</load_address>
         <run_address>0xffec</run_address>
         <size>0x2</size>
         <contents>
            <object_component_ref idref="oc-44"/>
         </contents>
      </logical_group>
      <logical_group id="lg-22" display="no" color="cyan">
         <name>USCIAB0RX</name>
         <load_address>0xffee</load_address>
         <run_address>0xffee</run_address>
         <size>0x2</size>
         <contents>
            <object_component_ref idref="oc-45"/>
         </contents>
      </logical_group>
      <logical_group id="lg-24" display="no" color="cyan">
         <name>TIMER0_A1</name>
         <load_address>0xfff0</load_address>
         <run_address>0xfff0</run_address>
         <size>0x2</size>
         <contents>
            <object_component_ref idref="oc-46"/>
         </contents>
      </logical_group>
      <logical_group id="lg-26" display="no" color="cyan">
         <name>TIMER0_A0</name>
         <load_address>0xfff2</load_address>
         <run_address>0xfff2</run_address>
         <size>0x2</size>
         <contents>
            <object_component_ref idref="oc-47"/>
         </contents>
      </logical_group>
      <logical_group id="lg-28" display="no" color="cyan">
         <name>WDT</name>
         <load_address>0xfff4</load_address>
         <run_address>0xfff4</run_address>
         <size>0x2</size>
         <contents>
            <object_component_ref idref="oc-48"/>
         </contents>
      </logical_group>
      <logical_group id="lg-2a" display="no" color="cyan">
         <name>COMPARATORA</name>
         <load_address>0xfff6</load_address>
         <run_address>0xfff6</run_address>
         <size>0x2</size>
         <contents>
            <object_component_ref idref="oc-49"/>
         </contents>
      </logical_group>
      <logical_group id="lg-2c" display="no" color="cyan">
         <name>TIMER1_A1</name>
         <load_address>0xfff8</load_address>
         <run_address>0xfff8</run_address>
         <size>0x2</size>
         <contents>
            <object_component_ref idref="oc-4a"/>
         </contents>
      </logical_group>
      <logical_group id="lg-2e" display="no" color="cyan">
         <name>TIMER1_A0</name>
         <load_address>0xfffa</load_address>
         <run_address>0xfffa</run_address>
         <size>0x2</size>
         <contents>
            <object_component_ref idref="oc-4b"/>
         </contents>
      </logical_group>
      <logical_group id="lg-30" display="no" color="cyan">
         <name>NMI</name>
         <load_address>0xfffc</load_address>
         <run_address>0xfffc</run_address>
         <size>0x2</size>
         <contents>
            <object_component_ref idref="oc-4c"/>
         </contents>
      </logical_group>
      <logical_group id="lg-32" display="no" color="cyan">
         <name>.reset</name>
         <load_address>0xfffe</load_address>
         <run_address>0xfffe</run_address>
         <size>0x2</size>
         <contents>
            <object_component_ref idref="oc-f4"/>
         </contents>
      </logical_group>
      <logical_group id="lg-207" display="no" color="cyan">
         <name>.TI.persistent</name>
         <run_address>0x0</run_address>
         <size>0x0</size>
         <contents>
         </contents>
      </logical_group>
      <logical_group id="lg-22e" display="never" color="cyan">
         <name>.debug_info</name>
         <load_address>0x0</load_address>
         <run_address>0x0</run_address>
         <size>0xf4a</size>
         <contents>
            <object_component_ref idref="oc-1b0"/>
            <object_component_ref idref="oc-10a"/>
            <object_component_ref idref="oc-158"/>
            <object_component_ref idref="oc-1ad"/>
            <object_component_ref idref="oc-1b7"/>
            <object_component_ref idref="oc-125"/>
            <object_component_ref idref="oc-1bf"/>
            <object_component_ref idref="oc-12a"/>
            <object_component_ref idref="oc-f2"/>
            <object_component_ref idref="oc-85"/>
            <object_component_ref idref="oc-15e"/>
            <object_component_ref idref="oc-11d"/>
            <object_component_ref idref="oc-135"/>
            <object_component_ref idref="oc-240"/>
         </contents>
      </logical_group>
      <logical_group id="lg-230" display="never" color="cyan">
         <name>.debug_line</name>
         <load_address>0x0</load_address>
         <run_address>0x0</run_address>
         <size>0x31a</size>
         <contents>
            <object_component_ref idref="oc-1b3"/>
            <object_component_ref idref="oc-10d"/>
            <object_component_ref idref="oc-156"/>
            <object_component_ref idref="oc-1ac"/>
            <object_component_ref idref="oc-1ba"/>
            <object_component_ref idref="oc-123"/>
            <object_component_ref idref="oc-1be"/>
            <object_component_ref idref="oc-12c"/>
            <object_component_ref idref="oc-169"/>
            <object_component_ref idref="oc-84"/>
            <object_component_ref idref="oc-160"/>
            <object_component_ref idref="oc-120"/>
            <object_component_ref idref="oc-139"/>
         </contents>
      </logical_group>
      <logical_group id="lg-232" display="never" color="cyan">
         <name>.debug_frame</name>
         <load_address>0x0</load_address>
         <run_address>0x0</run_address>
         <size>0x235</size>
         <contents>
            <object_component_ref idref="oc-1b4"/>
            <object_component_ref idref="oc-157"/>
            <object_component_ref idref="oc-1ab"/>
            <object_component_ref idref="oc-1b6"/>
            <object_component_ref idref="oc-122"/>
            <object_component_ref idref="oc-1bd"/>
            <object_component_ref idref="oc-129"/>
            <object_component_ref idref="oc-88"/>
            <object_component_ref idref="oc-161"/>
            <object_component_ref idref="oc-138"/>
         </contents>
      </logical_group>
      <logical_group id="lg-234" display="never" color="cyan">
         <name>.debug_abbrev</name>
         <load_address>0x0</load_address>
         <run_address>0x0</run_address>
         <size>0x3a9</size>
         <contents>
            <object_component_ref idref="oc-1f7"/>
            <object_component_ref idref="oc-10c"/>
            <object_component_ref idref="oc-1c1"/>
            <object_component_ref idref="oc-1f6"/>
            <object_component_ref idref="oc-1f8"/>
            <object_component_ref idref="oc-182"/>
            <object_component_ref idref="oc-1f9"/>
            <object_component_ref idref="oc-183"/>
            <object_component_ref idref="oc-168"/>
            <object_component_ref idref="oc-166"/>
            <object_component_ref idref="oc-1c2"/>
            <object_component_ref idref="oc-181"/>
            <object_component_ref idref="oc-186"/>
            <object_component_ref idref="oc-241"/>
         </contents>
      </logical_group>
      <logical_group id="lg-236" display="never" color="cyan">
         <name>.debug_str</name>
         <load_address>0x0</load_address>
         <run_address>0x0</run_address>
         <size>0xfa</size>
         <contents>
            <object_component_ref idref="oc-10e"/>
         </contents>
      </logical_group>
      <logical_group id="lg-238" display="never" color="cyan">
         <name>.debug_aranges</name>
         <load_address>0x0</load_address>
         <run_address>0x0</run_address>
         <size>0x160</size>
         <contents>
            <object_component_ref idref="oc-1b1"/>
            <object_component_ref idref="oc-155"/>
            <object_component_ref idref="oc-1aa"/>
            <object_component_ref idref="oc-1b9"/>
            <object_component_ref idref="oc-124"/>
            <object_component_ref idref="oc-1bc"/>
            <object_component_ref idref="oc-128"/>
            <object_component_ref idref="oc-87"/>
            <object_component_ref idref="oc-15d"/>
            <object_component_ref idref="oc-11e"/>
            <object_component_ref idref="oc-137"/>
         </contents>
      </logical_group>
      <logical_group id="lg-23a" display="never" color="cyan">
         <name>.debug_pubnames</name>
         <load_address>0x0</load_address>
         <run_address>0x0</run_address>
         <size>0x1d4</size>
         <contents>
            <object_component_ref idref="oc-1b2"/>
            <object_component_ref idref="oc-159"/>
            <object_component_ref idref="oc-1ae"/>
            <object_component_ref idref="oc-1b8"/>
            <object_component_ref idref="oc-126"/>
            <object_component_ref idref="oc-1c0"/>
            <object_component_ref idref="oc-12b"/>
            <object_component_ref idref="oc-f3"/>
            <object_component_ref idref="oc-86"/>
            <object_component_ref idref="oc-15f"/>
            <object_component_ref idref="oc-11f"/>
            <object_component_ref idref="oc-136"/>
         </contents>
      </logical_group>
      <logical_group id="lg-23c" display="never" color="cyan">
         <name>.debug_pubtypes</name>
         <load_address>0x0</load_address>
         <run_address>0x0</run_address>
         <size>0xed</size>
         <contents>
            <object_component_ref idref="oc-10b"/>
         </contents>
      </logical_group>
      <logical_group id="lg-242" display="no" color="cyan">
         <name>$fill000</name>
         <load_address>0xffde</load_address>
         <run_address>0xffde</run_address>
         <size>0x2</size>
         <contents>
         </contents>
      </logical_group>
      <load_segment id="lg-244" display="no" color="cyan">
         <name>SEGMENT_0</name>
         <run_address>0x3b0</run_address>
         <size>0x50</size>
         <flags>0x6</flags>
         <contents>
            <logical_group_ref idref="lg-6"/>
         </contents>
      </load_segment>
      <load_segment id="lg-245" display="no" color="cyan">
         <name>SEGMENT_1</name>
         <load_address>0xc000</load_address>
         <run_address>0xc000</run_address>
         <size>0x84</size>
         <flags>0x5</flags>
         <contents>
            <logical_group_ref idref="lg-7"/>
         </contents>
      </load_segment>
      <load_segment id="lg-246" display="no" color="cyan">
         <name>SEGMENT_2</name>
         <load_address>0xffde</load_address>
         <run_address>0xffde</run_address>
         <size>0x4</size>
         <flags>0x4</flags>
         <contents>
            <logical_group_ref idref="lg-242"/>
            <logical_group_ref idref="lg-16"/>
         </contents>
      </load_segment>
      <load_segment id="lg-247" display="no" color="cyan">
         <name>SEGMENT_3</name>
         <load_address>0xffe4</load_address>
         <run_address>0xffe4</run_address>
         <size>0x4</size>
         <flags>0x4</flags>
         <contents>
            <logical_group_ref idref="lg-19"/>
            <logical_group_ref idref="lg-1b"/>
         </contents>
      </load_segment>
      <load_segment id="lg-248" display="no" color="cyan">
         <name>SEGMENT_4</name>
         <load_address>0xffea</load_address>
         <run_address>0xffea</run_address>
         <size>0x16</size>
         <flags>0x4</flags>
         <contents>
            <logical_group_ref idref="lg-1e"/>
            <logical_group_ref idref="lg-20"/>
            <logical_group_ref idref="lg-22"/>
            <logical_group_ref idref="lg-24"/>
            <logical_group_ref idref="lg-26"/>
            <logical_group_ref idref="lg-28"/>
            <logical_group_ref idref="lg-2a"/>
            <logical_group_ref idref="lg-2c"/>
            <logical_group_ref idref="lg-2e"/>
            <logical_group_ref idref="lg-30"/>
            <logical_group_ref idref="lg-32"/>
         </contents>
      </load_segment>
   </logical_group_list>
   <placement_map>
      <memory_area display="no" color="green">
         <name>SFR</name>
         <page_id>0x0</page_id>
         <origin>0x0</origin>
         <length>0x10</length>
         <used_space>0x0</used_space>
         <unused_space>0x10</unused_space>
         <attributes>RWIX</attributes>
         <usage_details>
         </usage_details>
      </memory_area>
      <memory_area display="yes" color="green">
         <name>PERIPHERALS_8BIT</name>
         <page_id>0x0</page_id>
         <origin>0x10</origin>
         <length>0xf0</length>
         <used_space>0x0</used_space>
         <unused_space>0xf0</unused_space>
         <attributes>RWIX</attributes>
         <usage_details>
         </usage_details>
      </memory_area>
      <memory_area display="yes" color="green">
         <name>PERIPHERALS_16BIT</name>
         <page_id>0x0</page_id>
         <origin>0x100</origin>
         <length>0x100</length>
         <used_space>0x0</used_space>
         <unused_space>0x100</unused_space>
         <attributes>RWIX</attributes>
         <usage_details>
         </usage_details>
      </memory_area>
      <memory_area display="yes" color="green">
         <name>RAM</name>
         <page_id>0x0</page_id>
         <origin>0x200</origin>
         <length>0x200</length>
         <used_space>0x50</used_space>
         <unused_space>0x1b0</unused_space>
         <attributes>RWIX</attributes>
         <usage_details>
            <available_space>
               <start_address>0x200</start_address>
               <size>0x1b0</size>
            </available_space>
            <allocated_space>
               <start_address>0x3b0</start_address>
               <size>0x50</size>
               <logical_group_ref idref="lg-6"/>
            </allocated_space>
         </usage_details>
      </memory_area>
      <memory_area display="no" color="green">
         <name>INFOD</name>
         <page_id>0x0</page_id>
         <origin>0x1000</origin>
         <length>0x40</length>
         <used_space>0x0</used_space>
         <unused_space>0x40</unused_space>
         <attributes>RWIX</attributes>
         <usage_details>
         </usage_details>
      </memory_area>
      <memory_area display="no" color="green">
         <name>INFOC</name>
         <page_id>0x0</page_id>
         <origin>0x1040</origin>
         <length>0x40</length>
         <used_space>0x0</used_space>
         <unused_space>0x40</unused_space>
         <attributes>RWIX</attributes>
         <usage_details>
         </usage_details>
      </memory_area>
      <memory_area display="no" color="green">
         <name>INFOB</name>
         <page_id>0x0</page_id>
         <origin>0x1080</origin>
         <length>0x40</length>
         <used_space>0x0</used_space>
         <unused_space>0x40</unused_space>
         <attributes>RWIX</attributes>
         <usage_details>
         </usage_details>
      </memory_area>
      <memory_area display="no" color="green">
         <name>INFOA</name>
         <page_id>0x0</page_id>
         <origin>0x10c0</origin>
         <length>0x40</length>
         <used_space>0x0</used_space>
         <unused_space>0x40</unused_space>
         <attributes>RWIX</attributes>
         <usage_details>
         </usage_details>
      </memory_area>
      <memory_area display="yes" color="green">
         <name>FLASH</name>
         <page_id>0x0</page_id>
         <origin>0xc000</origin>
         <length>0x3fde</length>
         <used_space>0x84</used_space>
         <unused_space>0x3f5a</unused_space>
         <attributes>RWIX</attributes>
         <usage_details>
            <allocated_space>
               <start_address>0xc000</start_address>
               <size>0x0</size>
               <logical_group_ref idref="lg-d"/>
            </allocated_space>
            <allocated_space>
               <start_address>0xc000</start_address>
               <size>0x84</size>
               <logical_group_ref idref="lg-7"/>
            </allocated_space>
            <available_space>
               <start_address>0xc084</start_address>
               <size>0x3f5a</size>
            </available_space>
         </usage_details>
      </memory_area>
      <memory_area display="no" color="green">
         <name>BSLSIGNATURE</name>
         <page_id>0x0</page_id>
         <origin>0xffde</origin>
         <length>0x2</length>
         <used_space>0x2</used_space>
         <unused_space>0x0</unused_space>
         <attributes>RWIX</attributes>
         <fill_value>0xffff</fill_value>
         <fill_width>0x10</fill_width>
         <virtual_fill>0x0</virtual_fill>
         <usage_details>
            <allocated_space>
               <start_address>0xffde</start_address>
               <size>0x2</size>
               <logical_group_ref idref="lg-242"/>
            </allocated_space>
         </usage_details>
      </memory_area>
      <memory_area display="no" color="green">
         <name>INT00</name>
         <page_id>0x0</page_id>
         <origin>0xffe0</origin>
         <length>0x2</length>
         <used_space>0x2</used_space>
         <unused_space>0x0</unused_space>
         <attributes>RWIX</attributes>
         <usage_details>
            <allocated_space>
               <start_address>0xffe0</start_address>
               <size>0x2</size>
               <logical_group_ref idref="lg-16"/>
            </allocated_space>
         </usage_details>
      </memory_area>
      <memory_area display="no" color="green">
         <name>INT01</name>
         <page_id>0x0</page_id>
         <origin>0xffe2</origin>
         <length>0x2</length>
         <used_space>0x0</used_space>
         <unused_space>0x2</unused_space>
         <attributes>RWIX</attributes>
         <usage_details>
         </usage_details>
      </memory_area>
      <memory_area display="no" color="green">
         <name>INT02</name>
         <page_id>0x0</page_id>
         <origin>0xffe4</origin>
         <length>0x2</length>
         <used_space>0x2</used_space>
         <unused_space>0x0</unused_space>
         <attributes>RWIX</attributes>
         <usage_details>
            <allocated_space>
               <start_address>0xffe4</start_address>
               <size>0x2</size>
               <logical_group_ref idref="lg-19"/>
            </allocated_space>
         </usage_details>
      </memory_area>
      <memory_area display="no" color="green">
         <name>INT03</name>
         <page_id>0x0</page_id>
         <origin>0xffe6</origin>
         <length>0x2</length>
         <used_space>0x2</used_space>
         <unused_space>0x0</unused_space>
         <attributes>RWIX</attributes>
         <usage_details>
            <allocated_space>
               <start_address>0xffe6</start_address>
               <size>0x2</size>
               <logical_group_ref idref="lg-1b"/>
            </allocated_space>
         </usage_details>
      </memory_area>
      <memory_area display="no" color="green">
         <name>INT04</name>
         <page_id>0x0</page_id>
         <origin>0xffe8</origin>
         <length>0x2</length>
         <used_space>0x0</used_space>
         <unused_space>0x2</unused_space>
         <attributes>RWIX</attributes>
         <usage_details>
         </usage_details>
      </memory_area>
      <memory_area display="no" color="green">
         <name>INT05</name>
         <page_id>0x0</page_id>
         <origin>0xffea</origin>
         <length>0x2</length>
         <used_space>0x2</used_space>
         <unused_space>0x0</unused_space>
         <attributes>RWIX</attributes>
         <usage_details>
            <allocated_space>
               <start_address>0xffea</start_address>
               <size>0x2</size>
               <logical_group_ref idref="lg-1e"/>
            </allocated_space>
         </usage_details>
      </memory_area>
      <memory_area display="no" color="green">
         <name>INT06</name>
         <page_id>0x0</page_id>
         <origin>0xffec</origin>
         <length>0x2</length>
         <used_space>0x2</used_space>
         <unused_space>0x0</unused_space>
         <attributes>RWIX</attributes>
         <usage_details>
            <allocated_space>
               <start_address>0xffec</start_address>
               <size>0x2</size>
               <logical_group_ref idref="lg-20"/>
            </allocated_space>
         </usage_details>
      </memory_area>
      <memory_area display="no" color="green">
         <name>INT07</name>
         <page_id>0x0</page_id>
         <origin>0xffee</origin>
         <length>0x2</length>
         <used_space>0x2</used_space>
         <unused_space>0x0</unused_space>
         <attributes>RWIX</attributes>
         <usage_details>
            <allocated_space>
               <start_address>0xffee</start_address>
               <size>0x2</size>
               <logical_group_ref idref="lg-22"/>
            </allocated_space>
         </usage_details>
      </memory_area>
      <memory_area display="no" color="green">
         <name>INT08</name>
         <page_id>0x0</page_id>
         <origin>0xfff0</origin>
         <length>0x2</length>
         <used_space>0x2</used_space>
         <unused_space>0x0</unused_space>
         <attributes>RWIX</attributes>
         <usage_details>
            <allocated_space>
               <start_address>0xfff0</start_address>
               <size>0x2</size>
               <logical_group_ref idref="lg-24"/>
            </allocated_space>
         </usage_details>
      </memory_area>
      <memory_area display="no" color="green">
         <name>INT09</name>
         <page_id>0x0</page_id>
         <origin>0xfff2</origin>
         <length>0x2</length>
         <used_space>0x2</used_space>
         <unused_space>0x0</unused_space>
         <attributes>RWIX</attributes>
         <usage_details>
            <allocated_space>
               <start_address>0xfff2</start_address>
               <size>0x2</size>
               <logical_group_ref idref="lg-26"/>
            </allocated_space>
         </usage_details>
      </memory_area>
      <memory_area display="no" color="green">
         <name>INT10</name>
         <page_id>0x0</page_id>
         <origin>0xfff4</origin>
         <length>0x2</length>
         <used_space>0x2</used_space>
         <unused_space>0x0</unused_space>
         <attributes>RWIX</attributes>
         <usage_details>
            <allocated_space>
               <start_address>0xfff4</start_address>
               <size>0x2</size>
               <logical_group_ref idref="lg-28"/>
            </allocated_space>
         </usage_details>
      </memory_area>
      <memory_area display="no" color="green">
         <name>INT11</name>
         <page_id>0x0</page_id>
         <origin>0xfff6</origin>
         <length>0x2</length>
         <used_space>0x2</used_space>
         <unused_space>0x0</unused_space>
         <attributes>RWIX</attributes>
         <usage_details>
            <allocated_space>
               <start_address>0xfff6</start_address>
               <size>0x2</size>
               <logical_group_ref idref="lg-2a"/>
            </allocated_space>
         </usage_details>
      </memory_area>
      <memory_area display="no" color="green">
         <name>INT12</name>
         <page_id>0x0</page_id>
         <origin>0xfff8</origin>
         <length>0x2</length>
         <used_space>0x2</used_space>
         <unused_space>0x0</unused_space>
         <attributes>RWIX</attributes>
         <usage_details>
            <allocated_space>
               <start_address>0xfff8</start_address>
               <size>0x2</size>
               <logical_group_ref idref="lg-2c"/>
            </allocated_space>
         </usage_details>
      </memory_area>
      <memory_area display="no" color="green">
         <name>INT13</name>
         <page_id>0x0</page_id>
         <origin>0xfffa</origin>
         <length>0x2</length>
         <used_space>0x2</used_space>
         <unused_space>0x0</unused_space>
         <attributes>RWIX</attributes>
         <usage_details>
            <allocated_space>
               <start_address>0xfffa</start_address>
               <size>0x2</size>
               <logical_group_ref idref="lg-2e"/>
            </allocated_space>
         </usage_details>
      </memory_area>
      <memory_area display="no" color="green">
         <name>INT14</name>
         <page_id>0x0</page_id>
         <origin>0xfffc</origin>
         <length>0x2</length>
         <used_space>0x2</used_space>
         <unused_space>0x0</unused_space>
         <attributes>RWIX</attributes>
         <usage_details>
            <allocated_space>
               <start_address>0xfffc</start_address>
               <size>0x2</size>
               <logical_group_ref idref="lg-30"/>
            </allocated_space>
         </usage_details>
      </memory_area>
      <memory_area display="no" color="green">
         <name>RESET</name>
         <page_id>0x0</page_id>
         <origin>0xfffe</origin>
         <length>0x2</length>
         <used_space>0x2</used_space>
         <unused_space>0x0</unused_space>
         <attributes>RWIX</attributes>
         <usage_details>
            <allocated_space>
               <start_address>0xfffe</start_address>
               <size>0x2</size>
               <logical_group_ref idref="lg-32"/>
            </allocated_space>
         </usage_details>
      </memory_area>
   </placement_map>
   <symbol_table>
      <symbol id="sm-1">
         <name>IE1</name>
         <value>0x0</value>
      </symbol>
      <symbol id="sm-2">
         <name>IFG1</name>
         <value>0x2</value>
      </symbol>
      <symbol id="sm-3">
         <name>IE2</name>
         <value>0x1</value>
      </symbol>
      <symbol id="sm-4">
         <name>IFG2</name>
         <value>0x3</value>
      </symbol>
      <symbol id="sm-5">
         <name>ADC10DTC0</name>
         <value>0x48</value>
      </symbol>
      <symbol id="sm-6">
         <name>ADC10DTC1</name>
         <value>0x49</value>
      </symbol>
      <symbol id="sm-7">
         <name>ADC10AE0</name>
         <value>0x4a</value>
      </symbol>
      <symbol id="sm-8">
         <name>ADC10CTL0</name>
         <value>0x1b0</value>
      </symbol>
      <symbol id="sm-9">
         <name>ADC10CTL1</name>
         <value>0x1b2</value>
      </symbol>
      <symbol id="sm-a">
         <name>ADC10MEM</name>
         <value>0x1b4</value>
      </symbol>
      <symbol id="sm-b">
         <name>ADC10SA</name>
         <value>0x1bc</value>
      </symbol>
      <symbol id="sm-c">
         <name>DCOCTL</name>
         <value>0x56</value>
      </symbol>
      <symbol id="sm-d">
         <name>BCSCTL1</name>
         <value>0x57</value>
      </symbol>
      <symbol id="sm-e">
         <name>BCSCTL2</name>
         <value>0x58</value>
      </symbol>
      <symbol id="sm-f">
         <name>BCSCTL3</name>
         <value>0x53</value>
      </symbol>
      <symbol id="sm-10">
         <name>CACTL1</name>
         <value>0x59</value>
      </symbol>
      <symbol id="sm-11">
         <name>CACTL2</name>
         <value>0x5a</value>
      </symbol>
      <symbol id="sm-12">
         <name>CAPD</name>
         <value>0x5b</value>
      </symbol>
      <symbol id="sm-13">
         <name>FCTL1</name>
         <value>0x128</value>
      </symbol>
      <symbol id="sm-14">
         <name>FCTL2</name>
         <value>0x12a</value>
      </symbol>
      <symbol id="sm-15">
         <name>FCTL3</name>
         <value>0x12c</value>
      </symbol>
      <symbol id="sm-16">
         <name>P1IN</name>
         <value>0x20</value>
      </symbol>
      <symbol id="sm-17">
         <name>P1OUT</name>
         <value>0x21</value>
      </symbol>
      <symbol id="sm-18">
         <name>P1DIR</name>
         <value>0x22</value>
      </symbol>
      <symbol id="sm-19">
         <name>P1IFG</name>
         <value>0x23</value>
      </symbol>
      <symbol id="sm-1a">
         <name>P1IES</name>
         <value>0x24</value>
      </symbol>
      <symbol id="sm-1b">
         <name>P1IE</name>
         <value>0x25</value>
      </symbol>
      <symbol id="sm-1c">
         <name>P1SEL</name>
         <value>0x26</value>
      </symbol>
      <symbol id="sm-1d">
         <name>P1SEL2</name>
         <value>0x41</value>
      </symbol>
      <symbol id="sm-1e">
         <name>P1REN</name>
         <value>0x27</value>
      </symbol>
      <symbol id="sm-1f">
         <name>P2IN</name>
         <value>0x28</value>
      </symbol>
      <symbol id="sm-20">
         <name>P2OUT</name>
         <value>0x29</value>
      </symbol>
      <symbol id="sm-21">
         <name>P2DIR</name>
         <value>0x2a</value>
      </symbol>
      <symbol id="sm-22">
         <name>P2IFG</name>
         <value>0x2b</value>
      </symbol>
      <symbol id="sm-23">
         <name>P2IES</name>
         <value>0x2c</value>
      </symbol>
      <symbol id="sm-24">
         <name>P2IE</name>
         <value>0x2d</value>
      </symbol>
      <symbol id="sm-25">
         <name>P2SEL</name>
         <value>0x2e</value>
      </symbol>
      <symbol id="sm-26">
         <name>P2SEL2</name>
         <value>0x42</value>
      </symbol>
      <symbol id="sm-27">
         <name>P2REN</name>
         <value>0x2f</value>
      </symbol>
      <symbol id="sm-28">
         <name>P3IN</name>
         <value>0x18</value>
      </symbol>
      <symbol id="sm-29">
         <name>P3OUT</name>
         <value>0x19</value>
      </symbol>
      <symbol id="sm-2a">
         <name>P3DIR</name>
         <value>0x1a</value>
      </symbol>
      <symbol id="sm-2b">
         <name>P3SEL</name>
         <value>0x1b</value>
      </symbol>
      <symbol id="sm-2c">
         <name>P3SEL2</name>
         <value>0x43</value>
      </symbol>
      <symbol id="sm-2d">
         <name>P3REN</name>
         <value>0x10</value>
      </symbol>
      <symbol id="sm-2e">
         <name>TA0IV</name>
         <value>0x12e</value>
      </symbol>
      <symbol id="sm-2f">
         <name>TA0CTL</name>
         <value>0x160</value>
      </symbol>
      <symbol id="sm-30">
         <name>TA0CCTL0</name>
         <value>0x162</value>
      </symbol>
      <symbol id="sm-31">
         <name>TA0CCTL1</name>
         <value>0x164</value>
      </symbol>
      <symbol id="sm-32">
         <name>TA0CCTL2</name>
         <value>0x166</value>
      </symbol>
      <symbol id="sm-33">
         <name>TA0R</name>
         <value>0x170</value>
      </symbol>
      <symbol id="sm-34">
         <name>TA0CCR0</name>
         <value>0x172</value>
      </symbol>
      <symbol id="sm-35">
         <name>TA0CCR1</name>
         <value>0x174</value>
      </symbol>
      <symbol id="sm-36">
         <name>TA0CCR2</name>
         <value>0x176</value>
      </symbol>
      <symbol id="sm-37">
         <name>TA1IV</name>
         <value>0x11e</value>
      </symbol>
      <symbol id="sm-38">
         <name>TA1CTL</name>
         <value>0x180</value>
      </symbol>
      <symbol id="sm-39">
         <name>TA1CCTL0</name>
         <value>0x182</value>
      </symbol>
      <symbol id="sm-3a">
         <name>TA1CCTL1</name>
         <value>0x184</value>
      </symbol>
      <symbol id="sm-3b">
         <name>TA1CCTL2</name>
         <value>0x186</value>
      </symbol>
      <symbol id="sm-3c">
         <name>TA1R</name>
         <value>0x190</value>
      </symbol>
      <symbol id="sm-3d">
         <name>TA1CCR0</name>
         <value>0x192</value>
      </symbol>
      <symbol id="sm-3e">
         <name>TA1CCR1</name>
         <value>0x194</value>
      </symbol>
      <symbol id="sm-3f">
         <name>TA1CCR2</name>
         <value>0x196</value>
      </symbol>
      <symbol id="sm-40">
         <name>UCA0CTL0</name>
         <value>0x60</value>
      </symbol>
      <symbol id="sm-41">
         <name>UCA0CTL1</name>
         <value>0x61</value>
      </symbol>
      <symbol id="sm-42">
         <name>UCA0BR0</name>
         <value>0x62</value>
      </symbol>
      <symbol id="sm-43">
         <name>UCA0BR1</name>
         <value>0x63</value>
      </symbol>
      <symbol id="sm-44">
         <name>UCA0MCTL</name>
         <value>0x64</value>
      </symbol>
      <symbol id="sm-45">
         <name>UCA0STAT</name>
         <value>0x65</value>
      </symbol>
      <symbol id="sm-46">
         <name>UCA0RXBUF</name>
         <value>0x66</value>
      </symbol>
      <symbol id="sm-47">
         <name>UCA0TXBUF</name>
         <value>0x67</value>
      </symbol>
      <symbol id="sm-48">
         <name>UCA0ABCTL</name>
         <value>0x5d</value>
      </symbol>
      <symbol id="sm-49">
         <name>UCA0IRTCTL</name>
         <value>0x5e</value>
      </symbol>
      <symbol id="sm-4a">
         <name>UCA0IRRCTL</name>
         <value>0x5f</value>
      </symbol>
      <symbol id="sm-4b">
         <name>UCB0CTL0</name>
         <value>0x68</value>
      </symbol>
      <symbol id="sm-4c">
         <name>UCB0CTL1</name>
         <value>0x69</value>
      </symbol>
      <symbol id="sm-4d">
         <name>UCB0BR0</name>
         <value>0x6a</value>
      </symbol>
      <symbol id="sm-4e">
         <name>UCB0BR1</name>
         <value>0x6b</value>
      </symbol>
      <symbol id="sm-4f">
         <name>UCB0I2CIE</name>
         <value>0x6c</value>
      </symbol>
      <symbol id="sm-50">
         <name>UCB0STAT</name>
         <value>0x6d</value>
      </symbol>
      <symbol id="sm-51">
         <name>UCB0RXBUF</name>
         <value>0x6e</value>
      </symbol>
      <symbol id="sm-52">
         <name>UCB0TXBUF</name>
         <value>0x6f</value>
      </symbol>
      <symbol id="sm-53">
         <name>UCB0I2COA</name>
         <value>0x118</value>
      </symbol>
      <symbol id="sm-54">
         <name>UCB0I2CSA</name>
         <value>0x11a</value>
      </symbol>
      <symbol id="sm-55">
         <name>WDTCTL</name>
         <value>0x120</value>
      </symbol>
      <symbol id="sm-56">
         <name>CALDCO_16MHZ</name>
         <value>0x10f8</value>
      </symbol>
      <symbol id="sm-57">
         <name>CALBC1_16MHZ</name>
         <value>0x10f9</value>
      </symbol>
      <symbol id="sm-58">
         <name>CALDCO_12MHZ</name>
         <value>0x10fa</value>
      </symbol>
      <symbol id="sm-59">
         <name>CALBC1_12MHZ</name>
         <value>0x10fb</value>
      </symbol>
      <symbol id="sm-5a">
         <name>CALDCO_8MHZ</name>
         <value>0x10fc</value>
      </symbol>
      <symbol id="sm-5b">
         <name>CALBC1_8MHZ</name>
         <value>0x10fd</value>
      </symbol>
      <symbol id="sm-5c">
         <name>CALDCO_1MHZ</name>
         <value>0x10fe</value>
      </symbol>
      <symbol id="sm-5d">
         <name>CALBC1_1MHZ</name>
         <value>0x10ff</value>
      </symbol>
      <symbol id="sm-5e">
         <name>TLV_CHECKSUM</name>
         <value>0x10c0</value>
      </symbol>
      <symbol id="sm-5f">
         <name>TLV_DCO_30_TAG</name>
         <value>0x10f6</value>
      </symbol>
      <symbol id="sm-60">
         <name>TLV_DCO_30_LEN</name>
         <value>0x10f7</value>
      </symbol>
      <symbol id="sm-61">
         <name>TLV_ADC10_1_TAG</name>
         <value>0x10da</value>
      </symbol>
      <symbol id="sm-62">
         <name>TLV_ADC10_1_LEN</name>
         <value>0x10db</value>
      </symbol>
      <symbol id="sm-63">
         <name>__STACK_SIZE</name>
         <value>0x50</value>
      </symbol>
      <symbol id="sm-64">
         <name>__STACK_END</name>
         <value>0x400</value>
      </symbol>
      <symbol id="sm-65">
         <name>__c_args__</name>
         <value>0xffffffff</value>
      </symbol>
      <symbol id="sm-66">
         <name>__TI_pprof_out_hndl</name>
         <value>0xffffffff</value>
      </symbol>
      <symbol id="sm-67">
         <name>__TI_prof_data_start</name>
         <value>0xffffffff</value>
      </symbol>
      <symbol id="sm-68">
         <name>__TI_prof_data_size</name>
         <value>0xffffffff</value>
      </symbol>
      <symbol id="sm-a4">
         <name>InitializeLEDPortPins</name>
         <value>0xc032</value>
         <object_component_ref idref="oc-1af"/>
      </symbol>
      <symbol id="sm-b5">
         <name>ConfigureClockModule</name>
         <value>0xc05a</value>
         <object_component_ref idref="oc-1a9"/>
      </symbol>
      <symbol id="sm-b6">
         <name>main</name>
         <value>0xc000</value>
         <object_component_ref idref="oc-154"/>
      </symbol>
      <symbol id="sm-c7">
         <name>__TI_int02</name>
         <value>0xffe4</value>
         <object_component_ref idref="oc-41"/>
      </symbol>
      <symbol id="sm-c8">
         <name>InitializePushButtonPortPin</name>
         <value>0xc082</value>
         <object_component_ref idref="oc-1b5"/>
      </symbol>
      <symbol id="sm-c9">
         <name>Button_routine</name>
         <value>0xc080</value>
         <object_component_ref idref="oc-121"/>
      </symbol>
      <symbol id="sm-da">
         <name>__TI_int09</name>
         <value>0xfff2</value>
         <object_component_ref idref="oc-47"/>
      </symbol>
      <symbol id="sm-db">
         <name>TimerA0_routine</name>
         <value>0xc070</value>
         <object_component_ref idref="oc-127"/>
      </symbol>
      <symbol id="sm-dc">
         <name>ConfigureTimerA</name>
         <value>0xc01a</value>
         <object_component_ref idref="oc-1bb"/>
      </symbol>
      <symbol id="sm-e5">
         <name>_stack</name>
         <value>0x3b0</value>
         <object_component_ref idref="oc-f1"/>
      </symbol>
      <symbol id="sm-e6">
         <name>_reset_vector</name>
         <value>0xfffe</value>
         <object_component_ref idref="oc-f4"/>
      </symbol>
      <symbol id="sm-ef">
         <name>_c_int00_noinit_noargs_noexit</name>
         <value>0xc048</value>
         <object_component_ref idref="oc-83"/>
      </symbol>
      <symbol id="sm-fd">
         <name>C$$EXIT</name>
         <value>0xc076</value>
         <object_component_ref idref="oc-15c"/>
      </symbol>
      <symbol id="sm-fe">
         <name>abort</name>
         <value>0xc076</value>
         <object_component_ref idref="oc-15c"/>
      </symbol>
      <symbol id="sm-102">
         <name>__TI_int00</name>
         <value>0xffe0</value>
         <object_component_ref idref="oc-40"/>
      </symbol>
      <symbol id="sm-105">
         <name>__TI_int03</name>
         <value>0xffe6</value>
         <object_component_ref idref="oc-42"/>
      </symbol>
      <symbol id="sm-108">
         <name>__TI_int05</name>
         <value>0xffea</value>
         <object_component_ref idref="oc-43"/>
      </symbol>
      <symbol id="sm-10b">
         <name>__TI_int06</name>
         <value>0xffec</value>
         <object_component_ref idref="oc-44"/>
      </symbol>
      <symbol id="sm-10e">
         <name>__TI_int07</name>
         <value>0xffee</value>
         <object_component_ref idref="oc-45"/>
      </symbol>
      <symbol id="sm-111">
         <name>__TI_int08</name>
         <value>0xfff0</value>
         <object_component_ref idref="oc-46"/>
      </symbol>
      <symbol id="sm-114">
         <name>__TI_int10</name>
         <value>0xfff4</value>
         <object_component_ref idref="oc-48"/>
      </symbol>
      <symbol id="sm-117">
         <name>__TI_int11</name>
         <value>0xfff6</value>
         <object_component_ref idref="oc-49"/>
      </symbol>
      <symbol id="sm-11a">
         <name>__TI_int12</name>
         <value>0xfff8</value>
         <object_component_ref idref="oc-4a"/>
      </symbol>
      <symbol id="sm-11d">
         <name>__TI_int13</name>
         <value>0xfffa</value>
         <object_component_ref idref="oc-4b"/>
      </symbol>
      <symbol id="sm-120">
         <name>__TI_int14</name>
         <value>0xfffc</value>
         <object_component_ref idref="oc-4c"/>
      </symbol>
      <symbol id="sm-128">
         <name>__TI_ISR_TRAP</name>
         <value>0xc068</value>
         <object_component_ref idref="oc-11c"/>
      </symbol>
      <symbol id="sm-135">
         <name>_system_pre_init</name>
         <value>0xc07c</value>
         <object_component_ref idref="oc-134"/>
      </symbol>
   </symbol_table>
   <title>Link successful</title>
</link_info>
